<?xml version='1.0' encoding='utf-8'?>
<component type="desktop">
    <id>org.telegram.desktop</id>
    <metadata_license>CC0-1.0</metadata_license>
    <project_license>GPL-3.0</project_license>
    <name>Telegram Desktop</name>
    <summary>Fast. Secure. Powerful.</summary>
    <description>
        <p>Pure instant messaging — simple, fast, secure, and synced across all your devices. One of the world's top 10 most downloaded apps with over 500 million active users.</p>
        <p>FAST: Telegram is the fastest messaging app on the market, connecting people via a unique, distributed network of data centers around the globe.</p>
        <p>SYNCED: You can access your messages from all your phones, tablets and computers at once. Telegram apps are standalone, so you don’t need to keep your phone connected. Start typing on one device and finish the message from another. Never lose your data again.</p>
        <p>UNLIMITED: You can send media and files, without any limits on their type and size. Your entire chat history will require no disk space on your device, and will be securely stored in the Telegram cloud for as long as you need it.</p>
        <p>SECURE: We made it our mission to provide the best security combined with ease of use. Everything on Telegram, including chats, groups, media, etc. is encrypted using a combination of 256-bit symmetric AES encryption, 2048-bit RSA encryption, and Diffie–Hellman secure key exchange.</p>
        <p>100% FREE &amp; OPEN: Telegram has a fully documented and free API for developers, open source apps and verifiable builds to prove the app you download is built from the exact same source code that is published.</p>
        <p>POWERFUL: You can create group chats with up to 200,000 members, share large videos, documents of any type (.DOCX, .MP3, .ZIP, etc.) up to 2 GB each, and even set up bots for specific tasks. Telegram is the perfect tool for hosting online communities and coordinating teamwork.</p>
        <p>RELIABLE: Built to deliver your messages using as little data as possible, Telegram is the most reliable messaging system ever made. It works even on the weakest mobile connections.</p>
        <p>FUN: Telegram has powerful photo and video editing tools, animated stickers and emoji, fully customizable themes to change the appearance of your app, and an open sticker/GIF platform to cater to all your expressive needs.</p>
        <p>SIMPLE: While providing an unprecedented array of features, we take great care to keep the interface clean. Telegram is so simple you already know how to use it.</p>
        <p>PRIVATE: We take your privacy seriously and will never give any third parties access to your data. You can delete any message you ever sent or received for both sides, at any time and without a trace. Telegram will never use your data to show you ads.</p>
        <p>We keep expanding the boundaries of what you can do with a messaging app. Don’t wait years for older messengers to catch up with Telegram — join the revolution today.</p>
    </description>
    <categories>
        <category>Network</category>
        <category>InstantMessaging</category>
    </categories>
    <update_contact>johnprestonmail_at_gmail.com</update_contact>
    <developer_name>John Preston</developer_name>
    <url type="homepage">https://desktop.telegram.org/</url>
    <url type="bugtracker">https://github.com/telegramdesktop/tdesktop/issues</url>
    <url type="help">https://github.com/telegramdesktop/tdesktop/issues</url>
    <screenshots>
      <screenshot type="default">
        <image>https://raw.githubusercontent.com/telegramdesktop/tdesktop/dev/docs/assets/preview.png</image>
      </screenshot>
    </screenshots>
    <keywords>
        <keyword>tg</keyword>
        <keyword>telegram</keyword>
        <keyword>tdesktop</keyword>
        <keyword>messaging</keyword>
        <keyword>messenger</keyword>
        <keyword>chat</keyword>
        <keyword>sms</keyword>
        <keyword>im</keyword>
    </keywords>
    <content_rating type="oars-1.1">
        <content_attribute id="violence-cartoon">none</content_attribute>
        <content_attribute id="violence-fantasy">none</content_attribute>
        <content_attribute id="violence-realistic">none</content_attribute>
        <content_attribute id="violence-bloodshed">none</content_attribute>
        <content_attribute id="violence-sexual">none</content_attribute>
        <content_attribute id="violence-desecration">none</content_attribute>
        <content_attribute id="violence-slavery">none</content_attribute>
        <content_attribute id="violence-worship">none</content_attribute>
        <content_attribute id="drugs-alcohol">none</content_attribute>
        <content_attribute id="drugs-narcotics">none</content_attribute>
        <content_attribute id="drugs-tobacco">none</content_attribute>
        <content_attribute id="sex-nudity">none</content_attribute>
        <content_attribute id="sex-themes">none</content_attribute>
        <content_attribute id="sex-homosexuality">none</content_attribute>
        <content_attribute id="sex-prostitution">none</content_attribute>
        <content_attribute id="sex-adultery">none</content_attribute>
        <content_attribute id="sex-appearance">none</content_attribute>
        <content_attribute id="language-profanity">none</content_attribute>
        <content_attribute id="language-humor">none</content_attribute>
        <content_attribute id="language-discrimination">none</content_attribute>
        <content_attribute id="social-chat">intense</content_attribute>
        <content_attribute id="social-info">none</content_attribute>
        <content_attribute id="social-audio">intense</content_attribute>
        <content_attribute id="social-location">none</content_attribute>
        <content_attribute id="social-contacts">intense</content_attribute>
        <content_attribute id="money-purchasing">none</content_attribute>
        <content_attribute id="money-gambling">none</content_attribute>
    </content_rating>
    <launchable type="desktop-id">telegramdesktop.desktop</launchable>
    <provides>
        <binary>telegram-desktop</binary>
    </provides>
<releases><release version="3.5.2" date="2022-02-06"><description><ul><li>Fix a freeze in audio playback on Linux.</li><li>Fix a crash in screen sharing initialization on Linux.</li></ul></description></release><release version="3.5.1" date="2022-02-04"><description><ul><li>Keep the screen on while watching a video or participating in a video chat.</li><li>Save experimental settings between relaunches.</li><li>Bug fixes and other minor improvements.</li></ul></description></release><release version="3.5" date="2022-01-31"><description><ul><li>Use a new type of detailed stickers with smooth animations.</li><li>Create new sets by sending .webm videos to @stickers.</li><li>Bring your custom animated stickers from other apps.</li><li>See smaller, compact animations when reacting to messages.</li><li>See real-time animations in chat when a user reacts to your message.</li><li>React with additional emoji expressing love, appreciation, anger or surprise. </li><li>Tap the new button in chats to jump to your messages that have unseen reactions.</li><li>Watch the animations for unseen reactions play when you hit the button.</li><li>The app will warn you before closing if you are uploading photos or files to a chat.</li><li>Enjoy better screencast quality in video chats.</li></ul></description></release><release version="3.4.8" date="2022-01-19"><description><ul><li>Nice animations in reactions.</li><li>Add snap layouts support on Windows 11.</li><li>Bug fixes and other minor improvements.</li></ul></description></release><release version="3.4.7~beta" date="2022-01-19"><description><ul><li>Fix a crash on launch on Windows.</li></ul></description></release><release version="3.4.6~beta" date="2022-01-18"><description><ul><li>Add snap layouts support on Windows 11.</li><li>Fix crash in drafts after accounts switching.</li></ul></description></release><release version="3.4.5~beta" date="2022-01-16"><description><ul><li>Fix crash in monospace blocks processing.</li><li>Fix reaction animations stopping after an hour uptime.</li></ul></description></release><release version="3.4.4~beta" date="2022-01-14"><description><ul><li>Nice animations in reactions.</li></ul></description></release><release version="3.4.3" date="2022-01-03"><description><ul><li>Bug fixes and other minor improvements.</li></ul></description></release><release version="3.4.2" date="2021-12-31"><description><ul><li>Bug fixes and other minor improvements.</li></ul></description></release></releases></component>